{
  "cacheBootResources": true,
  "config": [ ],
  "debugBuild": false,
  "entryAssembly": "Client",
  "icuDataMode": 0,
  "linkerEnabled": true,
  "resources": {
    "assembly": {
      "Client.dll": "sha256-NfPGRD83N6b\/bKyn3QRdOX0uUgS0hCoYcFwi2Cv0zx8=",
      "Microsoft.AspNetCore.Components.dll": "sha256-I2XsLHKICfVPtDh7znmgJICsjiFUzWfmIjkOAFiHqYk=",
      "Microsoft.AspNetCore.Components.Web.dll": "sha256-YsflxK+HB0gzf9ekSXpCQjV1NqtFKiL2rH+wTPv61WY=",
      "Microsoft.AspNetCore.Components.WebAssembly.dll": "sha256-pLuJK0WfOy14a7V03wRlYQ0yvgZ7mQg4WX83ASK2LXY=",
      "Microsoft.CSharp.dll": "sha256-HwlqJ3lWHhB1cWe4M39QBkMFgv15XePT801HTNPRBuY=",
      "Microsoft.Extensions.Configuration.Abstractions.dll": "sha256-Yd5HWoJ8z3pGHLdLRk56mDLrXa7AkXv9+C\/CdwnvOCk=",
      "Microsoft.Extensions.Configuration.dll": "sha256-qBPk1O\/mfd\/P9kDywnOU5wZ7vka6iecseJsfIp04HMY=",
      "Microsoft.Extensions.Configuration.Json.dll": "sha256-MbxbzG2GzywDGen8OXrqfaPkZNcCTaoxCseLZAzKH2A=",
      "Microsoft.Extensions.DependencyInjection.Abstractions.dll": "sha256-eGWqw+M+dcThgPODjYDXobi9osfn3x1sGnbNgacKzbI=",
      "Microsoft.Extensions.DependencyInjection.dll": "sha256-azTt1JLi4RL0qaUPW8um+3BlO1IxYfZUaUP+kmJ6E6Y=",
      "Microsoft.Extensions.Logging.Abstractions.dll": "sha256-qq7SguHCZiTh0agYJIGh78vmeXScU4sFRZqwvwObG0U=",
      "Microsoft.Extensions.Logging.dll": "sha256-rGXa3leYNXH\/Cu3cszLotzdH8tyAVGZWAnSc7iI3kV4=",
      "Microsoft.Extensions.Options.dll": "sha256-rKuFMNxPlPpYGIA4ZkgZ2osef\/klzJh\/awzaKp51bto=",
      "Microsoft.Extensions.Primitives.dll": "sha256-QRewYnpJ6vl8gGMXBS2gN++\/sQ9hKcuv+rhy586Bbxs=",
      "Microsoft.JSInterop.dll": "sha256-dp\/LqUirmlgMblHpvDpyH8luvzud7I3C\/r0akSsjKwA=",
      "Microsoft.JSInterop.WebAssembly.dll": "sha256-CFOe6IsVp7JvLeJQbSbN9d5w4t3RFpu09tkzbcAtPOY=",
      "Newtonsoft.Json.dll": "sha256-IsZJ91\/OW+fHzNqIgEc7Y072ns8z9dGritiSyvR9Wgc=",
      "Shared.dll": "sha256-ZGYUsYkXLNtSwZbyabwuSO8udIHz599zwta7Xw7xhsU=",
      "System.Collections.Concurrent.dll": "sha256-kvcEdGuoNwJCcOURiatJaJGVEUf7eW4+jpPOTaUM1E4=",
      "System.Collections.dll": "sha256-W670CmstX8aMnDmLkou7T\/8bzSz3pjBycDL3exjZtmY=",
      "System.Collections.NonGeneric.dll": "sha256-vtIfy79PirWFnAf7ds3IMjX0rGYqHFuoLRPhExw3zfQ=",
      "System.Collections.Specialized.dll": "sha256-s0JU7SoDa\/r0DHbWTrFUkKp5EUPDRcFtp1sipInTAtQ=",
      "System.ComponentModel.dll": "sha256-NtZS3wwdfNSEGTSnwpkQ4LFW\/0gck2sSDJJBoMqQsHU=",
      "System.ComponentModel.Primitives.dll": "sha256-xcPjUpPY5Y6csdWhNnY1cMYE\/KF\/umoc044MFEhSoP4=",
      "System.ComponentModel.TypeConverter.dll": "sha256-nvAs0tLowjxYHoz2XsTT0QoR\/HoTIiaj8pVPSP+HJrI=",
      "System.Data.Common.dll": "sha256-oFvEfWc1xqnOHdKwhI\/HhoZEtC1a8h+zmiRzq8Iz3EU=",
      "System.Diagnostics.TraceSource.dll": "sha256-1ex6NAkRqNXF8DGCWinER8uq+xFB8BzLXFMRJY1Geiw=",
      "System.dll": "sha256-PgXY3KU9eBwBHCfE2uH8Gn3rD9JdUKsLWLUMRQ2L21o=",
      "System.Drawing.dll": "sha256-S9h+8lG76LID6GmRaaJa1t4GZbybJ2yNlw\/sCwY17PE=",
      "System.Drawing.Primitives.dll": "sha256-Fh8kMfIHxVOyjoCXXmhEuxJ6KmJIO2ZIKjU6GvYz6q0=",
      "System.Linq.dll": "sha256-BsdjC9DPtXPPqdPQ2Ge4S5ge3Xdkswu\/Ex6otEiJnH4=",
      "System.Linq.Expressions.dll": "sha256-ClwPLCY1AzvGEnv4RxoLSlR4nFfILSusULeZFk1tiIs=",
      "System.Memory.dll": "sha256-9r8AYWUqqIMRKB+FBoKRWz2rpH6MHfLp96vzCd1x\/j8=",
      "System.Net.Http.dll": "sha256-853g7FHpY\/ay66F6Q\/dij4MIIrH7H5nAEVJgOJ9TmzI=",
      "System.Net.Http.Json.dll": "sha256-lYlrd9tPEb0rloZN18gRmTOGDaGJybaVIu0MRXjBG7M=",
      "System.Net.Primitives.dll": "sha256-ojaqS9j8L7N+8NJdKFQsmJIGgCCcNvmS4ihqV\/OA19o=",
      "System.ObjectModel.dll": "sha256-+u\/X4XZl1GHa71jiakkxKIh6eMnRcdQDqNDoMoXdGZQ=",
      "System.Private.CoreLib.dll": "sha256-tL7SMsUkjb5R1dmtig4z0xNLJPmurmgu654sJx5lBro=",
      "System.Private.Runtime.InteropServices.JavaScript.dll": "sha256-w1ynMz2JhUuYo9BAoYfOHDgFArIU2hLrDGCVDkbJX6U=",
      "System.Private.Uri.dll": "sha256-cU40mB\/jwM4sZH59A41YAkcIgj3nWm84ke\/oELKyDZA=",
      "System.Private.Xml.dll": "sha256-+Gc7xigFQnOp3G4UxUz\/1cS+TVj92U7RgcN4h2MUNYw=",
      "System.Private.Xml.Linq.dll": "sha256-DNzFhAiIVUhj+g2fV2oxMXGj1pv5DN46jPC5WPJX\/\/Q=",
      "System.Reflection.Emit.ILGeneration.dll": "sha256-mj8iLoND9oWGnbJpDMVW6+wqyf9057WaRDTPfjSSRKs=",
      "System.Reflection.Emit.Lightweight.dll": "sha256-RDnT3D9Z+hmk24u57J8M8V0gnoel\/RJkhcRZ18XLW2s=",
      "System.Reflection.Primitives.dll": "sha256-AJl0c2GT4ooTt8j3+8VR0acOMZAW1FMleY2XA6NqfyU=",
      "System.Runtime.CompilerServices.Unsafe.dll": "sha256-Tw4ihVPZo3u4pWJVVdae2B8Qz\/2VA1ZXa7OHes6FXaw=",
      "System.Runtime.dll": "sha256-vzyvHEbOiPAev3FepyEexic1b5Bttyr7NxGV9P\/GGKI=",
      "System.Runtime.InteropServices.dll": "sha256-g+4F3f+F520GLnVlbxSaDjH03z+XQzuFr3gSmYhOzZ4=",
      "System.Runtime.Numerics.dll": "sha256-vilWbXK\/JOdiDczKeKS+JuOhR2feBw\/gDbFa7e4Achc=",
      "System.Runtime.Serialization.Formatters.dll": "sha256-A38fif8tXAHNCLCvJyZf9dI8NjNFDhZLz8P2CLxMwrA=",
      "System.Runtime.Serialization.Primitives.dll": "sha256-Tk6tWFq8xYO4MthZ+UCBCygPYpilrdoVv7FBSXfMQCw=",
      "System.Security.Cryptography.Algorithms.dll": "sha256-vM4aKuHA2HMbIYkAJepV1GaPFN4GN7hVwbtFeLgZEoQ=",
      "System.Security.Cryptography.Primitives.dll": "sha256-cpSsruV\/7qujLwe99Da2XN5zOX6edj5UVB98T6qYwUs=",
      "System.Text.Encoding.Extensions.dll": "sha256-fCGRVLodphyqGD+p5dKmH2BZ2yr3EAW5tvu0AYGnOns=",
      "System.Text.Encodings.Web.dll": "sha256-KrIHhnjDfmI6pG7S1THELtCc1HYjxJfglhrdO4uE3yg=",
      "System.Text.Json.dll": "sha256-sfcMVY8mcX5Bv71TKdtHibjPhBYRCMPN2EjfQoIcbtg=",
      "System.Text.RegularExpressions.dll": "sha256-fL4GZ+3VS3SACjYwaa1PrJ0Fooo6ih3dsotcWyzOgdI=",
      "System.Threading.dll": "sha256-PedDJ6Yg11tmNE7M5nFa66ABXRIZ6Xt8PAglFY77Ohw=",
      "System.Xml.Linq.dll": "sha256-Nf5V8req6wlZGuly+iEXPP1hsqC4KQAfPO1s8y8q4uE=",
      "System.Xml.ReaderWriter.dll": "sha256-4rTZlFnKoEExsLR\/9ZTDCWnf39cTnbXJojGFm4qtrYQ=",
      "System.Xml.XDocument.dll": "sha256-NJrxW2hwEkNMZv+IZVq2H8w8kS+h3YWm3Mr099Aq8Wc="
    },
    "extensions": null,
    "lazyAssembly": null,
    "libraryInitializers": null,
    "pdb": null,
    "runtime": {
      "dotnet.6.0.20.urm042ods6.js": "sha256-iXtnf0CK+zdIWjR0cpE38tWChIpNC6sO+aSQAW+aBQU=",
      "dotnet.timezones.blat": "sha256-+yOgACAcx7FbhJ+C10DNEHthQe31fTigZ01WEzRwWf0=",
      "dotnet.wasm": "sha256-2iXF3JXnKI9gG39mZrRKGis+QcI4qawrgcqz9fUi6gs=",
      "icudt_CJK.dat": "sha256-WPyI4hWDPnOw62Nr27FkzGjdbucZnQD+Ph+GOPhAedw=",
      "icudt_EFIGS.dat": "sha256-4RwaPx87Z4dvn77ie\/ro3\/QzyS+\/gGmO3Y\/0CSAXw4k=",
      "icudt_no_CJK.dat": "sha256-OxylFgLJlFqixsj+nLxYVsv5iZLvfIKMpLf9hrWaChA=",
      "icudt.dat": "sha256-Zuq0dWAsBm6\/2lSOsz7+H9PvFaRn61KIXHMMwXDfvyE="
    },
    "runtimeAssets": {
      "dotnet.wasm": {
        "behavior": "dotnetwasm",
        "hash": "sha256-2iXF3JXnKI9gG39mZrRKGis+QcI4qawrgcqz9fUi6gs="
      }
    },
    "satelliteResources": null
  }
}